logp_cosmo_full,logp_all_full,logp_cosmo_fisher,logp_all_fisher
-6752.452577907698,-7201.726840278003,-5978.660225243474,-6326.14242248676
-200.0499450400973,-265.5787429920549,-185.255626296687,-253.29194220165863
-3316.1380590226777,-3240.734064634741,-3028.2551194701523,-2960.005109055991
-105.86335941807395,-170.61027454107105,-103.0029664873624,-168.49984791732015
-8182.48529700295,-8762.01840025297,-9588.52937949334,-10414.94159284772
-3360.299054974776,-4347.579113185503,-3037.7669590520386,-3821.7982315792756
-21506.87322300263,-21831.047599714493,-17426.676743594566,-17575.337679492983
-2535.22779504621,-2416.736238699771,-2808.3390703771997,-2663.9332878849073
-1616.4803947872408,-1755.7816999654106,-1726.6163539620254,-1907.8292629806206
-1979.2769934646692,-2038.5904410397193,-2106.021941645237,-2150.494478843683
-5795.391653402467,-6129.299840926693,-6580.981669322691,-6995.973804597251
-7075.463555827982,-7583.040436260437,-6171.355455155872,-6541.385735143187
-2297.086238393545,-2170.8165690648243,-2453.791261850622,-2308.8929047537067
-24698.68437355773,-25466.090639980368,-19860.25427591421,-20616.25945931158
-21979.973433034316,-21777.444955520576,-28975.04328239144,-28641.47482107698
-96399.80265002813,-100332.47578704635,-66819.03853856635,-68571.25669173988
-1238.1305383607887,-1183.3743435963518,-1319.7111937197826,-1261.7457056051305
-66.41757799671582,-189.34037018210543,-63.38534003326714,-191.68414048324877
-3574.977529186914,-4019.621329603137,-3894.476165032854,-4440.7332097135295
-1966.847480721326,-2274.9270324056715,-2177.943010853045,-2559.8341360519594
-97345.86962811186,-95533.23692932897,-66527.189772516,-65466.92342328997
-8632.942516284382,-9058.092600291815,-10184.61819427129,-10718.032750829681
-316.48255308069486,-218.76228581899917,-330.754099641438,-227.86436001721933
-7046.063652576463,-8020.9103882455465,-8176.722465941131,-9565.199183956873
-397.95285052039884,-727.0294220057687,-408.5954497824973,-768.889412544952
-5300.611349958405,-5529.008527658025,-5958.606668550445,-6232.922371338932
-9479.726400161664,-9348.025165012623,-11285.270042714166,-11169.683849523859
-49640.53682350078,-54573.37531259151,-37012.84135555273,-39603.84970933923
-21399.415268377514,-20481.190678904575,-17525.601956317772,-16851.3673465315
-38.9642023012851,-110.58716699053818,-40.46272237378046,-111.93206213819015
-5896.001585916911,-5670.307279512605,-6727.133578035057,-6426.460634800094
-28263.720522523356,-27904.361704870305,-39362.136939487136,-38825.591623780856
-56517.17417227616,-59762.99447470216,-41480.16689088526,-43434.69762326272
-15071.629922428006,-15781.705889902058,-19001.80596211797,-20081.807622800363
-34232.34434181601,-36475.139166854,-26948.037159249936,-28520.304596132388
-20632.509146483997,-21000.6747553345,-16956.901538047478,-17097.941328015742
-20452.915130700014,-19898.747841549975,-27025.523341029006,-26019.18704132605
-128116.01661534986,-130654.03501463382,-84421.54346996562,-85122.6414567301
-4459.26331695518,-4460.049763558945,-4085.4547128329345,-4057.0088582938315
-6411.56370819467,-5416.984736769241,-5728.491772270123,-4922.842817864973
-5017.249435385952,-6358.659482026295,-4505.5799536625855,-5560.147115612887
-3776.793218173505,-3397.88890279787,-3481.423854767921,-3162.6903971278753
-4698.746365483613,-4963.685242193315,-4152.790014810662,-4354.062995277905
-119382.81123396463,-117380.10155761821,-79955.84385683948,-78616.57100812648
-3991.8525851269223,-4036.850772503928,-4411.4795541970525,-4487.439691382638
-2963.0766471677634,-3609.3304237933935,-2754.3830345295837,-3255.4911567260274
-3670.2975084374148,-3879.565375694785,-3306.6772204702424,-3433.4297161748973
-5759.357451204973,-5987.360600176639,-6634.6425478045385,-6959.635632937425
-13976.828436161923,-14310.176090698154,-17224.48391089087,-17764.863644292967
-5847.565175004882,-6278.669186530167,-6672.735634591908,-7231.140790412092
-11398.385289574902,-10735.896379033029,-13827.407832965042,-12998.890256548391
-6372.080732825958,-6388.888739530201,-7276.251743547817,-7332.417614273753
-32847.3306790121,-33086.10406217133,-25982.89744578313,-26058.942940715682
-67.11802309368086,-215.05401501217895,-71.59201310971434,-223.1581029504329
-41023.53187313405,-44489.50591866468,-31216.239539924016,-33062.71035761073
-2951.7413760628547,-3136.5746506671962,-3200.5017682310995,-3478.9573642342953
-436.1227995879926,-653.587699023359,-415.7394805320435,-638.9717778479654
-1166.7296819164417,-1160.372531749324,-1095.6313514237218,-1087.8996714580103
-110.93447681441305,-153.92548621156448,-104.36627922175406,-146.83607024128435
-18990.657593772925,-19902.371303755936,-15809.679330124773,-16235.932983746146
-50766.23899960916,-48990.01810601145,-38031.56941947215,-36953.98776400225
-12311.032199061721,-12389.126387154976,-14982.277010609494,-15153.026982679896
-1233.5858956367106,-1185.2781599124776,-1281.965670420854,-1233.387646477193
-44998.02807056425,-46236.409649663605,-34477.818447758036,-35100.502385226246
-2155.0451493560063,-2621.4131664574456,-2356.861125530899,-2906.7517379242295
-23326.595491674274,-23010.51241059424,-31243.03083807981,-30448.946371261296
-3541.4408456899114,-3205.0928312268047,-3884.7885429709704,-3477.068826117627
-28747.308001737554,-27454.124697957453,-40231.686186479754,-37831.81073843769
-2944.9556798612866,-2486.7623255451113,-3228.2041240288995,-2677.777980835791
-265.60808241788374,-352.3558978050268,-246.9471608068231,-326.02929832031094
-1101.3386311012225,-916.6949589577267,-1056.0164700804157,-882.1280884708003
-34.88603449438851,-149.28525955809002,-32.676638353157834,-150.86730538862872
-5246.385966822687,-4887.54658738368,-6044.518798026149,-5565.723602478692
-30324.120853848206,-30247.75160078367,-43059.04139091129,-42842.52132393041
-6093.562392496828,-5562.404276921613,-5476.949488086151,-5034.542292454545
-2743.204261585585,-3171.512889765109,-2959.3467734484148,-3532.311677640502
-100278.39034228242,-102095.1704037089,-68904.9395338492,-69893.65415741841
-26414.446091005015,-26339.89103538723,-36357.15084243898,-35971.75967686762
-11134.952670244249,-11704.186509418982,-13559.25688184893,-14473.50136645608
-8917.28163758501,-9165.25477865603,-7707.6261072973075,-7890.652945965926
-6342.4170205655655,-6275.322056575633,-7165.832573958907,-7116.340398708105
-6295.124600455747,-6097.359159099329,-7095.972790951328,-6762.643232531001
-1702.9773879341724,-1785.1340016142397,-1580.7556466188205,-1654.1105748750163
-8261.298856174612,-8893.049170334167,-7153.416594368885,-7657.748899373319
-255.36265938623146,-289.7865684577163,-253.441523809489,-286.4475056311369
-22806.424132706077,-22963.364522193708,-30671.585645518935,-31233.77011109297
-9517.215338672304,-10963.00782876079,-8120.685605889313,-9160.855998294855
-64.18394006624408,-195.1853612626338,-81.2223957751191,-216.4868586966755
-15602.007289150655,-14734.260601023194,-19628.838013333956,-18232.1242373606
-60274.49074834915,-59698.0693452842,-44739.47106868765,-44584.50813056745
-3874.1085627953853,-3462.592178211095,-3433.5309320830333,-3105.076553494523
-9198.294773035828,-8486.516631942264,-7861.981122930537,-7325.808103683268
-3731.7917845475436,-3089.0363941629566,-3347.387113917795,-2822.177011463744
-188.46191670352096,-256.68475094959877,-243.41627467278914,-314.34062915389126
-24596.622460150076,-25511.6842584578,-33594.13270554081,-35576.62506415065
-773.4175901316155,-1010.6086457258816,-715.4954326347063,-927.5763147126881
-1548.6602837023026,-1777.5211957436147,-1437.9634842219516,-1636.1204158571022
-6645.889656287079,-6274.941300222229,-5855.450845042185,-5551.404736747839
-13004.666898768852,-13213.042209087216,-16069.203851147731,-16481.037681485504
-8202.84835352173,-7951.956576804571,-7089.79765758479,-6844.636565143133
-38360.32703032416,-37298.9981238977,-29267.735567591146,-28759.533948805136
-11651.821644855087,-11573.784060958944,-13955.957744809237,-14089.463668789325
-6464.290454582545,-6963.457482393834,-7480.320751331754,-8161.97438334642
-2360.537174950012,-2661.408588952019,-2555.6715168457304,-2956.467624451062
-6270.350144467247,-6877.414056222009,-5589.90494008543,-5983.712470068706
-5425.404118097734,-5886.449975073994,-6167.077875325056,-6767.151491077291
-11851.492728383517,-11829.34035592683,-14349.945571470647,-14388.105643426134
-2875.015462987848,-2958.0102709116773,-3121.040395513517,-3245.5764893593528
-8488.700840361349,-8784.050991710372,-9919.411676255913,-10387.84194002135
-12595.038470559424,-12814.52864099736,-10571.884382417933,-10649.83973996875
-8015.107852402047,-6892.451185973561,-7015.165162269044,-6146.70614764069
-20710.376435959985,-20431.44809577028,-27294.527990800223,-26696.982312656368
-4446.775772690959,-4539.8189865026425,-3986.1160962137265,-4021.246994024338
-6610.858189644226,-5454.792360422852,-5802.643376821176,-4889.7591801611225
-8466.750984349463,-7837.504554774157,-10002.46974981297,-9146.96928827199
-977.4325118119965,-946.7837104194217,-1022.9642533034844,-991.122456678364
-59880.274906069004,-64648.019765704455,-44224.463068372854,-46760.867498735395
-509.0650241596597,-362.3263099912598,-520.9397879290523,-385.22997827300685
-6260.674130624334,-6418.030032547409,-7086.438950979852,-7352.169937013456
-7582.240093442025,-9612.516507991353,-6644.525828991765,-8135.313339875682
-42923.91527103042,-39945.77985561165,-32610.284166427384,-30794.256231011743
-6162.2841343585815,-7057.991610979883,-5511.862108326175,-6196.975885006526
-1062.7593000279094,-1210.9855752918772,-975.8045203323547,-1104.5682381841032
-9638.979391965237,-9541.774901965482,-11503.30474288199,-11440.56297725483
-7078.534966369025,-7254.22016887969,-6239.762374531967,-6358.749840629675
-59703.2888383343,-57177.971711456725,-43937.31693951872,-42821.621756980545
-161.79291160475086,-225.38929518770564,-154.60890116207906,-213.5430935202602
-4937.7976194687535,-5584.841676591869,-5506.498685452104,-6327.0351388109475
-54041.562028854125,-51274.180086660905,-40194.48523151568,-38556.26685524719
-20091.10517422627,-18921.43644036351,-26497.41887917747,-24464.645417655403
-53.41301086997353,-232.5532124785351,-45.15263940895345,-215.48866643798755
-27594.08004546881,-27932.128487008427,-21884.576489693118,-22072.39356563068
-375.08332517159334,-405.94654934858556,-365.9317415921109,-395.75042032641824
-12878.994193090051,-13367.590517328257,-15929.188691468291,-16802.085870242383
-64868.60449587562,-71449.10505494992,-47067.04406310866,-50304.29315504601
-503.3894324389899,-730.8097419733497,-480.62720582922293,-727.2591174904107
-11875.73726390834,-13642.377791209197,-10059.621168148382,-11289.948664971183
-95.56894216962274,-296.45209203063774,-102.22811871613203,-301.12059335598354
-19156.231264385333,-18788.5325743471,-24797.269487883135,-24169.573615436053
-51659.168311826026,-49743.77388579399,-38475.553363402476,-37527.34643735872
-456.27149434150346,-481.23316586651595,-443.90278201075614,-466.80859825876485
-27551.858935169086,-27136.528795100065,-38433.8107692829,-37894.41651638078
-4480.986636910642,-4678.878244060409,-5033.181973126086,-5350.429788872549
-5055.838405644442,-4998.997245977432,-5731.911937437825,-5694.089603491412
-16402.33137898308,-16964.23423265527,-20568.140704278987,-21539.14814806446
-3285.307838818036,-3206.545055136885,-3625.073011844966,-3549.1891501813298
-1552.9324482128216,-1728.373858852402,-1651.6299350636853,-1868.6480082312933
-987.2040835620735,-876.1565671159941,-960.9267251128637,-818.513401925459
-1701.287410129899,-1901.0597054048205,-1831.816273750227,-2065.1635522664506
-26152.798955759088,-25119.209108885723,-20798.53615091535,-20199.972700566195
-507.1146603386042,-668.8444643152251,-509.56109125534385,-683.9739867524354
-7413.188529042265,-8249.648059973873,-8729.865897794416,-9953.052177762549
-9452.335167534678,-9706.473175363873,-8282.864138304727,-8470.300780223228
-21167.19493390053,-21391.40043129339,-27659.59297879389,-27878.527615308176
-2861.5578696816847,-2845.36454252751,-3112.844797083432,-3102.7460826454867
-7734.22784490858,-8841.602267205337,-6758.634900254893,-7592.740494288248
-10754.46386599463,-11008.10553161805,-12753.279013165777,-13086.151700769577
-101.94449689785401,-206.06752483396127,-100.63041740066959,-209.18083671695683
-5793.826578913227,-5702.481976250354,-5218.352893169471,-5162.158748811491
-3120.213156889519,-3091.638322806928,-3454.7158308124663,-3423.321038506364
-1616.637525569977,-2111.267176978091,-1717.0716777768405,-2279.645113430598
-1237.8958224577368,-1210.802070973668,-1300.5477055968402,-1279.0854298051938
-6628.415977994689,-7339.3202054899875,-5859.795266951994,-6366.455416888405
-12837.136860772074,-13545.737075367679,-15870.88338548821,-16914.69650498815
-65417.27474110592,-65169.84600802733,-47053.44121298112,-46807.849879287496
-91219.02824000503,-94603.25234645607,-63454.262080697954,-65181.09684027505
-95245.81295737899,-93836.75859013801,-65575.65999047871,-64319.66138675974
-8875.406305241007,-9435.094572876164,-10530.587793808572,-11402.680533933832
-245.27206842162622,-281.48479105296224,-264.7543244361729,-304.5854347738064
-2555.049699738426,-2595.3624419587854,-2768.962708138415,-2836.9232831005934
-11705.096695985292,-12054.036460533594,-10007.639946941958,-10199.545366010301
-3887.155887348265,-4117.87715690556,-3555.6616935325246,-3764.6080967716903
-10890.155998967783,-11118.592095769107,-13082.728360895338,-13291.285642880746
-107195.79009215516,-106027.49903256173,-72555.3751029279,-72355.03174807367
-840.6341078794571,-856.7549032962868,-873.4802856193785,-896.1493605106954
-4323.023615437593,-4414.03845222561,-3873.7845194840397,-3953.7592211144706
-3939.4903004794246,-3697.255323017555,-4403.502926709083,-4132.724148179943
-4964.104462101243,-4397.62999541089,-4472.270654685437,-4011.1869856268527
-1236.7822278333617,-1087.3276715855477,-1311.6548166575471,-1145.9433238818797
-18104.330535827212,-17459.44976190326,-23271.925947640088,-22315.35005407822
-2294.4916923357614,-2439.5278677209776,-2467.6306858011194,-2623.1252826884106
-895.856550238851,-988.248751523235,-833.4592628257828,-911.0647359038528
-24221.958285062392,-25769.90843243979,-19539.952859464112,-20486.497042860447
-64563.641172161515,-65082.64003572094,-47114.490985702585,-47343.64970738166
-573.433866089751,-666.086681028891,-522.1190479983942,-610.4562294442226
-1283.1120222379823,-1206.0310889480177,-1177.879373214769,-1108.3066612993314
-5768.893121367361,-5600.934688407032,-6588.131341718934,-6348.561643515519
-2719.7956977500385,-2753.3034942750737,-2495.7047232858226,-2500.9994825454396
-9164.30070484889,-9127.599099877847,-8051.492115403052,-8034.513491795944
-25322.706299483998,-25764.448182651147,-34427.760060096305,-35080.317279868854
-1299.7738537644282,-1369.1014344955927,-1328.5540902787059,-1408.4707410973222
-20557.1835517787,-21361.049850880638,-27201.288806026463,-28963.343929506234
-2903.435340669431,-2823.2330984497517,-3182.6788745217805,-3102.945780608762
-66.23329698803109,-206.12823871921728,-78.2432550948687,-221.45316909739554
-27230.44284336947,-27452.400850630274,-37424.182039310515,-38349.053227851466
-10827.529404403236,-11220.255116790715,-12931.100892705219,-13574.526203345797
-28458.52258125657,-27563.766177393984,-39929.41130865288,-38583.174077887335
-1261.5515762400835,-1203.8259401913176,-1223.4764586088932,-1172.7499904851693
-12651.556813327059,-12777.987766077926,-15520.339711440623,-15754.531750674405
-717.1460355927969,-763.7901102693063,-680.2547725526829,-729.4088475279317
-2301.4791618700115,-2351.3738497942677,-2172.264596808237,-2221.9278451652212
-7992.393564000875,-8085.253770199175,-9383.392310531224,-9473.318897053028
-20636.06967135637,-19214.36735312438,-27410.954954081273,-24943.45491364174
-16093.105894449614,-15894.253162261539,-13235.274692296764,-13057.318862018697
-10377.274923313698,-10974.397445253608,-8896.239691412777,-9296.27718577414
-21707.82996019995,-22936.67235572145,-17691.115687325768,-18565.543917121337
-20705.650631463162,-20030.27954747608,-17101.908683885264,-16623.308291103414
-3304.600982396417,-3845.890081323386,-3033.9327709301333,-3478.1561787826276
-14.87823650422893,-119.95295987721505,-14.268340128584786,-123.6357681401976
-4393.428395997273,-4304.179072970053,-4959.689857882812,-4853.295387063178
-15475.012624382558,-15558.18746883059,-19534.495361402027,-20031.23588695225
-2506.234842875019,-2781.395020242192,-2297.4389499013278,-2535.177720522814
-620.1840308832079,-1117.3948393945707,-644.9879659604755,-1194.5706047270348
-37746.15675314505,-37419.57415409989,-57015.22656507799,-56158.41758303899
-8160.330277085597,-7897.8522065792995,-9451.7892778817,-9008.890472804209
-16109.033589271887,-16128.555029139086,-13383.414117325035,-13336.954577222314
-54.41246465411039,-61.57272586848465,-45.62144779968997,-57.85544823029191
-2620.1452007275375,-2603.7703425456425,-2884.6285390301036,-2904.1013596460834
-16787.170203608875,-16591.418673428518,-21082.696122499565,-20920.561601701553
-1607.2459642760552,-1853.9512522552661,-1707.5380490223642,-2004.6709372536648
-17664.039764769474,-18302.162447230585,-14726.794914249236,-15235.2564608932
-57.682918576865134,-124.44108694899116,-61.721934391276854,-129.10390030880845
-1133.2126438153134,-1686.122269595514,-1081.9145402381673,-1567.468530666965
-65752.79771969042,-66777.91173932802,-47753.641650418744,-48262.245153264455
-1717.0689620345943,-1767.9437108548027,-1579.5806100150942,-1640.4063807722816
-24838.144828833418,-23990.139018111346,-33932.61125330307,-32187.207338258435
-21134.84475150748,-22091.994489725883,-27926.047602184473,-29508.426755213713
-18063.69846391684,-17466.219975934593,-15101.298106280332,-14859.767276290735
-7724.3733252744905,-7865.068776023445,-6878.494732349556,-6934.732183717505
-26662.464031742806,-26216.742186836735,-36970.07932832102,-35742.96963039756
-13201.69065893357,-12732.054179817162,-16275.42797293011,-15429.273754624444
-18.842240423587118,-100.83240425630925,-11.15111522326001,-98.89871159630985
-458.44470510354836,-639.7424737442628,-432.00033480925947,-634.7286868560873
-12227.947528841489,-11686.728640800979,-14896.348320164314,-14064.918881005002
-4334.507229398891,-4251.579758795513,-4835.844951558433,-4733.05448881031
-9568.257259217658,-10364.870689036998,-11399.334124104462,-12559.751356118762
-1633.7622760867857,-1732.0709744058772,-1567.2725351104277,-1629.8401362323716
-6161.144070815165,-5965.467043444303,-6995.2977205256175,-6771.806203301327
-64.71899784347481,-186.75232012169,-68.46578757725115,-188.306531864155
-17513.286857932322,-17044.978589390197,-14634.516651420568,-14379.169457696555
-34108.475518097686,-34359.83317936599,-27023.40054916086,-27000.826790523166
-2910.9035477916736,-3374.774320080253,-2654.934238214839,-3021.6695605971713
-1533.720777283954,-1874.109142940049,-1652.913912136245,-2048.5043483748796
-9365.397831973534,-9295.29510744163,-8101.519496450162,-8038.676375379254
-20071.64959245812,-19260.233804408814,-26251.743137399484,-24839.652039557328
-28133.528848392518,-26841.707171652233,-22266.32097868764,-21319.334575290177
-15083.492001882349,-14831.927901269148,-18949.19208715513,-18623.834743292395
-13657.703693794956,-15211.697644725218,-11395.376299609272,-12413.74365588092
-20889.623598599974,-20576.506945203455,-27397.966940467923,-26919.269695990723
-42083.377458940726,-46435.566129182254,-32345.189981174408,-34715.07993371209
-12058.520754528467,-13681.541026957413,-10171.812051582405,-11290.33237151117
-3971.034224661316,-4149.958072788036,-4402.987926647759,-4639.048528152146
-7382.8773674850345,-6730.6434047096955,-6469.540513526228,-5943.228798396192
-6118.02520416213,-7219.9387651682455,-7022.525296821038,-8514.263523327907
-1532.3838398187936,-2139.7308252991384,-1411.52850116541,-1938.3402959308357
-1907.5270126229334,-1628.1695926540865,-1808.3591359714324,-1561.4043136146463
-23268.37511410344,-23194.661536059597,-31341.69767199466,-31246.108548873868
-19426.734823741328,-19761.986242439325,-25297.24125237776,-25663.998940110057
-8349.249038116594,-8055.335272998975,-9929.904290502778,-9572.747300472398
-2798.662169823009,-2295.326381631484,-3058.8101805837714,-2448.424472810261
-632.5889518031345,-688.5352331685939,-590.3471368690349,-634.0114225152277
-51005.092396957116,-51258.095528633516,-38332.84288371472,-38479.09504374038
-49406.78000190037,-48089.042601590496,-37037.31276507933,-36438.352832728604
-14094.994437077921,-13872.180102953214,-11910.149916278948,-11667.964373593151
-625.5369720658437,-705.04117448113,-669.6306121454872,-759.0396025937746
-290.1900162973374,-447.31172910852126,-307.27114500547503,-468.1888831280574
-902.7640325359633,-1095.8655089324855,-939.9425976261973,-1156.3537536656918
-40.392823449956445,-101.90194993229582,-40.783769149639866,-103.19077013981884
-14348.356803279776,-13975.41693916032,-12377.202425043597,-12063.255857864453
-173.91418384812596,-237.13253771464798,-154.02619365744545,-219.69432439497905
-5770.409429058032,-5587.27698414106,-6545.10470845825,-6342.7886220276005
-86.01895201991773,-256.04047914346086,-99.85053564198336,-282.7572183921808
-7915.259863895036,-8840.81975008343,-6937.026741282837,-7665.071660141027
-6278.73548067775,-7374.773703188979,-5570.819258992841,-6425.186911931418
-18194.05910676229,-18838.59913324664,-23423.715324216646,-24471.516197415796
-2764.453487276626,-3230.090443642567,-2559.8846735321936,-2934.761245028777
-10654.591241677625,-11404.408801030895,-12875.490883289121,-14004.784547557127
-151.3364548851874,-241.76904254043583,-145.45171665046826,-242.48725807142964
-1872.336309457638,-1895.3856594511174,-1801.4119221510994,-1819.8065707660483
-900.3976103066715,-1297.4841685622632,-780.0727249270027,-1128.479556745718
-3035.7187247763877,-3367.2706410350543,-3370.0986176458828,-3787.2588907704103
-5046.980378491003,-5371.37139016469,-4701.546120442233,-4949.512534067061
-209.20701504692403,-310.53515640502866,-208.70643637931752,-309.24777828053965
-1373.9731776549115,-1787.4774882061363,-1445.8436733571812,-1915.5867861348959
-13948.117874921294,-14258.287313683064,-17119.7653278499,-17559.168242419877
-8358.632445020736,-7798.431106685687,-7332.645090147952,-6903.414437812083
-10473.07050861822,-10982.36351192131,-12600.762848756856,-13341.1048960057
-3373.576336386594,-3233.571175475793,-3681.64709302802,-3550.621436898888
-533.0712423010478,-566.0831976948872,-529.6931632556106,-557.3094232057488
-3053.157314428352,-3000.242911852359,-3339.430887034876,-3250.0290878414744
-3234.3966666873944,-3172.4187816752606,-3506.2128949533962,-3446.2770064570723
-1312.9992862471115,-1154.165613895483,-1228.1310131096989,-1089.356018465829
-13845.593680364575,-12791.866349067186,-11618.247591243247,-10814.961913745783
-12340.808359519986,-12338.83318542793,-14854.349403842009,-14887.313836802068
-11344.995262094099,-12127.55144133071,-13768.744925862082,-14991.082313784744
-125.36321604954841,-356.40616953746473,-116.43114568221722,-338.6401611959808
-38223.72291272999,-37919.161298733365,-29783.13985905552,-29659.910575280563
-1086.8542270647513,-1135.032899770978,-1123.8934343340502,-1172.8908585587562
-3250.5759746919234,-2946.6897276230093,-3587.2972683957482,-3236.7274544480856
-4104.2499314813995,-3658.086692150772,-3629.631464414271,-3259.14946868584
-8365.541862764921,-8531.541376802297,-9869.905156392024,-10130.290832748746
-1421.3839915423127,-1458.0331277276232,-1533.3430163514772,-1574.0025154376804
-38545.63499178513,-39622.61425368802,-29758.887262929315,-30400.996643017654
-1341.0141322105326,-1359.466086343775,-1234.4882646445951,-1246.5745821481864
-5329.801504787546,-5249.141863994121,-6022.183813541343,-5935.11359452212
-14833.720451917072,-14452.796099705969,-18368.645782404594,-17714.672609200275
-6568.565325773888,-6956.8481274486585,-5818.291261139416,-6147.265100267588
-25494.478064089457,-24593.324170826992,-34732.299310083494,-32740.47644116764
-68434.33829809017,-67892.53441888507,-49352.23307242945,-48691.402561953175
-15099.1043597407,-14956.180438136602,-18890.22319048816,-18714.95996815958
-18675.934045736543,-19263.618377737203,-15594.33748561888,-15959.545521341195
-33208.556471715,-31972.426896058183,-48435.90083904829,-45893.087728996055
-13431.339611304245,-13260.606514374007,-11340.093411827902,-11243.52630195385
-19089.388668890504,-19540.626539512126,-24566.006117080826,-25473.026703069256
-19421.83542418699,-19964.48020689299,-25138.10017691566,-26161.606626473702
-676.0781736211093,-940.2826243673981,-685.5742569592134,-979.3863767095797
-34912.31899951925,-34211.993424932,-51348.146268717835,-49693.54680962249
-4489.827477153265,-4833.635320531574,-5038.067079521427,-5510.25954636208
-16389.88477304082,-16801.094845601776,-20883.072799831778,-21586.661778959788
-48529.78707509615,-48608.551788733195,-36314.18987706395,-36447.70307904533
-1176.551831405804,-1065.7317718795412,-1157.1032193423573,-1052.7782820799903
-1473.6854929872443,-1259.9666677554158,-1378.2427514036503,-1172.4264211185096
-3160.171972810466,-2869.3218093999762,-2859.0014912627203,-2606.5314841824406
-20907.549557511986,-20409.62984130788,-27667.312873185332,-26692.775717594337
-5443.430773117464,-5745.19122528766,-4813.591276551142,-5015.913179236626
-7023.593207355723,-6998.492017520089,-8079.255130631354,-8056.882207485718
-15830.781573460263,-16083.841221850562,-13364.92873819072,-13579.73735867013
-1035.2462814194564,-1008.463299226607,-1047.090883298968,-1017.4357858633753
-16875.456327122563,-16269.088524153372,-13885.088621263421,-13510.864914959322
-30319.36951603532,-31018.6481813216,-24001.74704462403,-24254.26620450311
-266.6817944542388,-464.9529279802368,-264.400465277683,-447.59412523532205
-230.98432345280594,-380.8648905250142,-204.77921358990343,-348.5242328018092
-10024.361867359623,-10024.455577888422,-11837.907410750393,-11810.487586077556
-15817.483327708342,-15563.67725965723,-19849.651333786085,-19481.4446984328
-325.7330238569983,-445.067404102935,-342.5045049159026,-475.8618912984076
-2094.6568699376903,-2115.4022137963757,-1998.9991820019272,-2029.3138897021263
-32958.56865929761,-32707.309069066785,-47709.69949158581,-47305.69487027026
-9560.973617518977,-9703.839013841407,-11282.5042282957,-11491.523117953655
-74408.65058210252,-70943.35846443585,-53533.13683746589,-51556.756632084245
-53162.5791388454,-55259.274606114974,-39697.849229046544,-40998.603764627704
-12057.846013051263,-12053.363655296496,-14716.304132052119,-14819.084200709058
-4222.983535928632,-3947.0833425880783,-4711.434283224631,-4383.50053353909
-10405.372189264037,-10689.156834336647,-9019.107479320244,-9267.762694480985
-19145.71736537748,-18449.12386273235,-24747.287260465975,-23641.75753914393
-2868.7217133597355,-2616.0791829387304,-3125.9412795671087,-2811.1256608853905
-3579.8086776542254,-3651.292804362377,-3998.8729880976275,-4140.838045807062
-2830.523450974222,-2825.988710265063,-2582.8277889630285,-2585.2368659672134
-68564.35050608039,-68062.21111602691,-49801.589003453766,-49457.751278368116
-74.8834851041699,-180.20510783804403,-93.29483834941023,-205.14171457427008
-8820.346197192124,-8819.105953311097,-10440.3578259365,-10468.078194389824
-436.9121877575536,-462.05345429730073,-409.4902817672039,-430.92098343827365
-5704.84292523743,-5743.2158295425925,-5101.074046015759,-5159.457867322376
-4820.341833719115,-5270.31214701162,-4327.79151430358,-4700.618298346287
-9348.047035010744,-10417.911725257922,-8016.6447621561665,-8748.998286863734
-2401.445147171869,-3413.9315768831552,-2222.5936807805306,-3073.0661273446085
-3453.432792442092,-4049.033610043409,-3116.86787415184,-3626.2739626589155
-36.48649180425459,-176.763215097442,-35.61511505163274,-177.21528131276062
-18094.761519774027,-18269.49534232367,-23432.663381960017,-23770.76694161706
-27623.906204247196,-26241.779317672575,-22177.043874542505,-21196.480435136775
-3310.078116510074,-2910.6263266136407,-2990.826402421924,-2660.1884104659216
-19307.427322138796,-19622.640182138613,-25172.000981855876,-25659.928511133854
-1802.5171790946583,-1823.386473867253,-1962.353359779199,-1993.010941474416
-21271.261470007354,-21799.222324869617,-28072.85994124221,-29112.46101649976
-19407.291223013763,-20664.306536727076,-25152.643426538947,-27468.40913821678
-12725.364555626285,-11661.540604459504,-10704.110131100557,-9879.157919219542
-37325.811635273545,-37603.30189072864,-55826.82417638103,-56677.58845939448
-11309.373034155302,-11246.603655922192,-13725.938072318071,-13607.026344497339
-15827.860101377904,-15884.208674696507,-20072.996766945664,-20068.276619676144
-792.0039973153293,-967.140355537365,-802.0624287015911,-992.0986839934714
-954.2490001032489,-897.744783134654,-988.8231186698846,-927.8768810211334
-15295.72934087171,-15621.818025773318,-19162.518330025563,-19792.30273778861
-2139.246071520667,-2253.317317042971,-2301.16391547218,-2436.1498399121833
-17464.784522762595,-17342.2507340778,-22369.18731394514,-22222.380733106213
-2230.4822619815022,-2389.07665065859,-2406.5412882766495,-2611.9841060133595
-1080.6436894211417,-1223.7537687845322,-1131.484564522559,-1307.1073530694034
-34017.8154217614,-34565.4476711463,-26595.080467252308,-26884.26334732441
-24723.220407282162,-24586.174578191294,-33593.661195149245,-33368.6892745367
-9623.071389322962,-9520.569279718766,-8345.913039677707,-8301.384277397
-11164.704316236586,-11342.734827928929,-13545.207677012604,-13716.516045303566
-8728.057660684097,-9035.605728050028,-10292.652625722087,-10846.505095150273
-4149.436108172114,-3579.2009006591256,-4667.033867745901,-3956.8527173202815
-49198.168785016125,-52152.661795064414,-36978.887447956164,-38737.91699158946
-1018.6356410410069,-1241.8453483403193,-949.9590620269561,-1141.4696703451477
-26447.852443758904,-27248.947849678934,-36718.351948531585,-38349.26178651257
-2760.1998256807506,-2428.315080521941,-3033.8912371647325,-2643.4684062839474
-90608.98355751901,-88790.04299425123,-63063.93810531086,-61672.53020172118
-9021.691591605839,-9090.836195946089,-7783.586238027388,-7783.278647678926
-234.26659643333574,-286.5053141273608,-231.11470565424597,-280.8337962047345
-11475.399697385028,-11785.296101244996,-13891.657362363412,-14437.532453692183
-3712.1252041883217,-4028.2456146739864,-3342.6596672969686,-3580.0493674141244
-2769.0710002001438,-3094.2149792499786,-3000.7773633102142,-3395.538977377596
-11830.619119580426,-11761.798924736608,-9970.658223618053,-9933.432112593086
-73951.64846470562,-76835.50381680341,-52615.157864661654,-54288.45708590496
-1907.6082022205378,-2131.0837217227468,-1821.9052372511592,-2015.5765092421116
-1274.4968765621759,-1808.406087940506,-1181.2285187913983,-1648.3398130347198
-4107.4253973857185,-3766.453070567668,-3737.965203849612,-3466.3013653681473
-165.87368270464165,-180.34472351514253,-143.58069516978279,-160.72242868709733
-4361.0369245723405,-4725.6426232843805,-4878.787994619982,-5350.271652445315
-7665.410524533549,-7497.999475552441,-8956.81875396327,-8757.84534444838
-11245.323000971724,-11799.197844022576,-13669.753766042011,-14483.957992677988
-25010.716368600708,-23287.622304170927,-19980.611630187275,-18985.368455996108
-30275.879025884624,-31097.329962430704,-23693.93303110473,-24070.920505892274
-1069.2954095794355,-1225.747974082183,-1125.6083603700022,-1300.8065624273954
-48325.72287104912,-46948.81526523965,-36460.56173926681,-35706.480804398976
-52749.82102086674,-52815.097976877245,-39192.82489736551,-39488.284331742914
-11574.343436111354,-12002.514886977655,-14076.013495116347,-14782.753134376211
-8291.51130998376,-8251.261283318212,-9763.806562688738,-9711.285739066296
-19220.112764840072,-18324.10150849093,-15749.3975950121,-15122.939594314697
-34328.56690500524,-34954.814732994404,-50454.990265829365,-51548.310580698795
-103.9441466249677,-214.60546281629468,-116.94873632217517,-228.70845676299845
-1438.054625937391,-2286.6674185630113,-1337.3306134283955,-2076.124891332249
-12304.090835602323,-13058.866483705076,-15126.633592361519,-16306.350302674757
-6469.807352185152,-6593.550619246214,-5671.625568447202,-5737.73452294083
-21374.972743110015,-22120.78484742434,-28265.520083911542,-29479.69640865664
-21316.722289485653,-21254.428524408242,-17471.914731633155,-17433.236191530505
-28623.98579975029,-30661.651572902352,-22806.375208266778,-23943.180058179743
-4371.615988540076,-4576.487770126892,-4011.6477925885956,-4174.679920418752
-2249.1609482322915,-2639.247274137121,-2434.131943813668,-2915.7981106009925
-1925.0534531066826,-2018.2006919888663,-2056.491628212091,-2173.2214903241543
-4824.147153163752,-5222.926705695602,-5434.3433306823845,-5935.035789774926
-21281.27380594516,-22867.67144989552,-17491.072915108016,-18312.884981017574
-486.17161883959,-631.471459395801,-450.0419189866603,-582.0562585556983
-6198.090602023782,-6785.964303381724,-7134.871903459815,-7885.363925931174
-3251.6252342233533,-3061.9715270235397,-2939.2429138804205,-2789.4117689382724
-49427.034399168675,-46956.11781561513,-37124.079141529,-35749.159043383515
-896.6555371037439,-1179.1125224233617,-979.9644644662839,-1297.1741952298348
-2017.314453849225,-2210.161595316329,-2221.5809391286584,-2446.987609445823
-4064.579163393859,-4493.977800009235,-4461.588569433776,-5025.495807802517
-3166.1311305821496,-3587.925180049974,-3510.641314871195,-4029.5566969278298
-11836.875154840498,-12815.905850245312,-10020.998084223038,-10623.917450130119
-488.61012069115736,-698.7373491058343,-504.9524429002821,-730.1710611941563
-4017.600354941863,-4821.715710524342,-3716.7301461622615,-4382.513224891112
-28527.884745728727,-27774.61427878562,-40037.275616388404,-38778.39383728001
-12524.961425560958,-12676.17884271158,-15355.008179947874,-15589.287089413912
-26500.039461570883,-26652.444288167062,-36520.864172086636,-36520.38687282158
-1230.6954136001384,-1289.2766919523856,-1259.4206029998722,-1330.9887548103793
-3321.996945078746,-3042.0995291260065,-3646.2436362014796,-3327.37814005889
-812.0353120363411,-826.6131182611609,-851.7740656182732,-874.3141285441687
-3462.9850084843665,-3068.575005062966,-3131.2795287291087,-2811.8917760106997
-920.8164917704416,-1199.2210832353637,-999.307065893227,-1320.6464743348001
-2052.5138789933076,-1738.432751340394,-2217.8554752512923,-1859.9855775266983
-424.4150505112802,-676.5957247127947,-410.51417485473144,-680.7691581002746
-38873.50659730103,-38713.41114111454,-59192.4169781276,-58476.30141882237
-22275.00092202358,-21593.307643399694,-18200.63123606735,-17683.992522095643
-8824.803364066749,-8154.543858207521,-7742.778734215126,-7231.654486221442
-1809.4752852222593,-2330.9061884746825,-1670.8558922093862,-2106.660252315096
-204.63921942861043,-242.77720391697304,-216.7862312257236,-250.6698617723772
-19029.472543475113,-20441.155758397672,-15623.994109420215,-16648.875714123966
-15919.412831051666,-15481.404457614182,-13129.7422940302,-12796.089939428239
-21002.757906553135,-21167.355000184667,-16991.619008352314,-17085.358381152942
-42935.6735907672,-45050.22076002332,-32369.618622898648,-33658.16086598594
-3467.163805627773,-3210.780931347076,-3870.0537875540763,-3562.253792788946
-32227.202332792815,-34656.90817965041,-25459.125400344317,-26928.945302216554
-3595.412747558616,-3099.4919289400073,-3988.680770630655,-3361.8578040496664
-3746.1871808474457,-3381.2077130861453,-4136.731531803862,-3721.366993176752
-5522.630160303974,-4965.025759146829,-6287.89701122105,-5542.183309204853
-9371.969620849193,-9190.14544778866,-11214.551821285344,-10903.208249302004
-1871.4653572151703,-2038.0327581363763,-1725.1710714148626,-1867.5967487270452
-1445.1223714672435,-1796.615183310485,-1330.4273057669006,-1629.1271095447617
-21876.92649666498,-21516.547530216627,-29365.317268142924,-28847.735173859255
-122.56186496051565,-208.0993642212041,-139.0501748028175,-224.36769488409067
-32484.265713913624,-34374.063813710665,-25420.52997706692,-26545.17407608016
-170.5370813527241,-340.64175891551423,-158.6198552494451,-327.3191616746036
-23952.08504826265,-24246.525340268836,-19317.054071533777,-19359.04660815805
-2798.6152509758745,-3262.520481286264,-3074.402309189751,-3639.856839357748
-9749.8123555535,-9256.426513464787,-8540.916172956458,-8168.71737868315
-3756.0161060536175,-3676.487943203102,-3379.8910411015977,-3302.9191711732874
-235.14382420019493,-324.6281244292876,-224.80948165612025,-316.438209715735
-11015.521279517203,-11802.316448583051,-9413.459969480908,-10093.233492586514
-71366.44178116345,-78030.45587494694,-50963.27162858061,-54096.31330330647
-464.0934813365043,-706.5025566163544,-428.45976538719987,-648.740567956291
-29463.686355881113,-29202.205443676932,-23146.67226576104,-22763.77411257562
-3941.7011678495714,-3970.9499259077857,-4377.436153441962,-4442.027063002338
-9694.326141993211,-10079.16037964181,-8326.908339919026,-8560.281772595805
-11707.512356593392,-12151.040936945255,-14225.430151901137,-14931.823338718055
-20020.77350068926,-18978.109649579685,-26180.371618218127,-24283.015156309855
-22722.870281463755,-22453.98874825887,-30478.89412887104,-30167.766797371507
-3027.7033727480543,-3579.1249940674247,-2763.4748987977746,-3221.198414307528
-21279.35537644779,-22294.140734297718,-28048.763460571237,-29921.328038727166
-1012.7404433246295,-928.6304457231059,-1080.4973976311187,-987.2819579273431
-12983.390722955268,-13537.890602994072,-15997.819247576275,-16886.89440791441
-220.75112198946795,-366.65353012929904,-230.20867086559048,-367.71835645331316
-6809.992780955608,-7582.184425611716,-6016.083065226953,-6615.080645752861
-31990.304488273043,-31600.361801969037,-24944.159705835093,-24744.745877820485
-15943.579613090893,-15603.332639090637,-20147.85727743171,-19531.238640454376
-22000.476666701492,-21806.230581029355,-29298.844046577495,-28917.52852030847
-14438.206769987935,-13982.243854742448,-18061.419980814244,-17459.0649701692
-8701.979700623602,-8948.940095312955,-10300.865492583585,-10658.630614121366
-26263.16125756982,-28118.99745123764,-21144.00978998979,-22186.330202507408
-23787.454564585292,-23917.85063355674,-32078.203032461122,-31958.814705066667
-6286.887996547373,-6717.975239181525,-7193.583161504638,-7751.926671519758
-13.67619018959736,-178.04951613340643,-11.77187059306134,-179.23720572007497
-342.6441149296957,-773.4006309702299,-313.1004763603804,-701.5923123363061
-21038.4284620839,-20584.9549887862,-27847.057830610294,-27136.352872260704
-25840.46017640304,-25835.705092320975,-20947.75059982256,-20950.77569670724
-810.2803935753014,-864.2937880240478,-758.8284933057564,-803.9239286989775
-5392.635396310565,-5781.40507308118,-6102.678905984736,-6642.79606496232
-29743.19960766418,-29334.26690403523,-41861.199358586724,-40730.82825612473
-2823.8127212576715,-3233.624751214274,-3071.598310684961,-3559.340315029766
-5291.518818378412,-5524.504457372114,-5971.277616574051,-6236.609222293911
-11122.78423806059,-10880.65895147926,-13572.984678825966,-13345.364105455928
-13284.263511328985,-14562.919034329987,-11094.224869327674,-11949.85525474464
-130.3854617003294,-204.64267855983405,-114.85965152323467,-189.80742189586806
-8174.129019527067,-8074.063276620045,-9490.120025002847,-9376.77300234568
-6590.822211455544,-6968.854372823,-7630.449416633382,-8119.943263466315
-9705.382707758487,-9400.974341391922,-8316.571671067013,-8048.683032254377
-14880.572298524758,-15543.520284959599,-18688.5892769264,-19727.760680684773
-316.32913439408077,-371.03283522367065,-261.99139561333106,-317.7371216731622
-25194.036442271718,-25158.342459451866,-34261.92814482592,-34471.333747588185
-497.7933692182225,-635.6988174722418,-517.6519177053761,-663.9100756407476
-16221.488257773959,-15948.850740316342,-20682.07248031116,-20303.957314827887
-27763.530715618752,-27613.52931628134,-38708.15104711051,-38607.280553229095
-9331.516937210276,-9062.003383593124,-8028.607223754692,-7853.227391742042
-16050.32889314058,-15749.01103924721,-20344.498808515764,-19883.148065308204
-9459.618006118444,-9733.816411597403,-8137.740190661706,-8346.710599038654
-1438.0884058879112,-1337.1005044221756,-1368.8064787991912,-1277.0356167377895
-39360.7375747881,-44632.7812716979,-30086.1426481168,-33140.33265051438
-846.4893275702505,-1426.9920228788455,-787.9385852663755,-1302.1068555070042
-12942.412257107882,-13710.767634799231,-10968.534037725725,-11482.985005265085
-21109.45433677813,-23508.735803297513,-17511.101304532516,-19095.333253773486
-12549.067495776619,-13258.79222740197,-15396.30023057491,-16409.763631177237
-1045.4531788358183,-778.3683337148248,-1114.0060993875047,-817.1881741710308
-9543.860986776248,-9749.528966131693,-11158.554792888806,-11421.151458423026
-3142.936996801592,-3261.2517235851,-3502.7970972272383,-3656.907907441596
-1497.0422127062013,-1882.2532109057695,-1428.373665155398,-1753.1614327321865
-154.08984111595947,-235.0302398514303,-152.09358256649307,-229.88551225936152
-6726.434591534508,-6089.0900197687015,-5909.023520113296,-5427.827934124375
-4886.63394604865,-5148.8668751756,-5430.956936957083,-5752.450585495808
-2428.866775738419,-2323.403064008955,-2630.371121124768,-2501.782135528886
-8756.105886401076,-9568.876066010595,-10386.692010678498,-11473.723193315835
-1019.6875700517539,-1062.4201004990487,-888.6775184620648,-926.1932196850761
-2709.1339731957014,-2598.118676661511,-2856.132595029256,-2702.6248254474935
-4029.8478802354566,-3827.247197028383,-4448.236752029761,-4215.939751239312
-2141.9575132686564,-1964.5121611149882,-2301.607043854482,-2108.0104566469436
-5854.614531438873,-5906.291010118336,-6660.472724723932,-6818.672912877753
-742.0912517610182,-759.1373261810018,-753.0089120185124,-770.5865071893948
-1289.1136200668218,-1378.3326209417562,-1194.887504177882,-1282.753768472648
-48653.49364570133,-51664.13038055912,-36684.41569685416,-38183.11539940924
-2933.584066103751,-3287.379159230242,-3195.3708789621855,-3659.5821822406333
-93.83486403760284,-350.9204786325338,-87.40004036706695,-330.8524813322163
-11394.367497632345,-12386.915472573515,-9866.599395007863,-10569.096492810108
-505.3688554110599,-503.63538815516847,-531.5945526568202,-529.7207926780837
-28790.73660347428,-29431.461091712805,-40469.20785813408,-41579.62127819983
-1638.6548224954074,-1502.0522685480162,-1535.2349929977295,-1408.9552627472085
-1338.0804297383404,-1713.7470925131413,-1404.1185789507704,-1831.6485831383272
-15161.758559123882,-15543.665355837365,-12708.928224023157,-13094.36327664194
-711.6698718645079,-810.2076976962636,-662.3804659888166,-756.4618076041257
-17997.00324261242,-18670.38309887828,-23192.000080761194,-24372.15385918334
-1028.9071632516636,-1313.2577185638804,-969.5534924151686,-1220.5906396554349
-6319.204956371649,-7003.297284224946,-7189.072108475011,-8109.9291182262095
-11087.8533453354,-10999.938840850644,-9538.372522694559,-9509.198667763892
-649.2921559685714,-792.399613360892,-613.9169012298125,-736.1570259241136
-23964.41597378637,-24132.113189887637,-32617.414894712907,-32839.61440959154
-128.55983403876732,-266.2173557765215,-172.86864177562725,-323.44975981698576
-21.527406862271317,-135.75093926705773,-19.74147403904749,-134.13050352649137
-12510.345021913907,-12504.357097233866,-15311.564858732212,-15237.141231361535
-812.9507527550957,-820.0320004802276,-792.6137612246653,-793.6220882836358
-24662.262041391026,-24898.344005364204,-20146.127854398685,-20229.627251324106
-8025.858012384516,-8454.003057797907,-9348.408821370193,-9909.911324985966
-2008.161087785305,-1873.5253881636195,-2170.744973158893,-2031.408393967734
-1729.1885736998204,-2064.387526431993,-1566.2504724497844,-1849.3569080246664
-18549.92296846573,-18693.17544872608,-23771.2770149521,-24065.140355410298
-55.736205643342615,-190.5377738984079,-29.91478154784007,-153.56912980006834
-256.8937649505684,-374.2611954539925,-260.4539799411518,-370.3777126173629
-17245.071887256967,-16815.1177994914,-14156.84137078284,-13887.193806214407
-17616.367653526235,-17997.352021157658,-22388.120770917336,-22896.642924380536
-608.3727278671447,-812.0798529307933,-603.2279967162578,-790.2396294885297
-555.9210140467554,-885.4596446461686,-642.3085251450575,-1015.0520593932229
-17971.466051989915,-17318.418297514898,-23071.00157806153,-21935.71221478152
-92482.1181179098,-90674.67353413758,-63720.8206462737,-63096.533361389695
-1287.6107299885957,-1610.5476008743747,-1211.3575692626666,-1497.7333285749194
-19645.998334760363,-20172.42542094016,-25506.20342804825,-26423.70060071227
-1675.0550226154533,-2165.204797118254,-1436.6686405723203,-1842.6761882529775
-2193.4654175719693,-2707.0257480700557,-2358.416389606667,-2953.742414892743
-30389.92026000843,-29812.92186378076,-24289.988190237407,-24019.826991788133
-670.487106439979,-628.8480319248672,-622.746651787221,-583.1177082639459
-9795.905234023923,-9839.661146874063,-11595.28945779621,-11729.392967478632
-2523.708418744772,-2884.3033577021465,-2353.708594589172,-2646.675532161064
-9438.284548444046,-10308.209070121946,-11140.971301012716,-12482.048745803435
-77685.1340273718,-80452.8171310422,-55510.16902186116,-56700.45590297068
-39424.483566790936,-41499.72168182904,-30114.60040217887,-31144.402599371413
-771.5487592406002,-889.1585154971559,-754.3535719348329,-882.8778668027783
-39269.17285877292,-40132.114818680435,-30508.866006718905,-31040.261814750218
-9348.469654331251,-8592.691622759055,-8158.642465561648,-7605.633171492095
-17267.976635061277,-17072.29505886111,-22053.16004623919,-21884.989873288992
-7394.871815671168,-7876.798887437917,-6576.960321428613,-6894.698183320218
-25604.01553729329,-24372.27333708403,-20440.14162868183,-19502.556117860666
-37762.189650830085,-37826.53425399218,-57037.770503882675,-56766.913352383206
-19325.49586984356,-19916.428094426323,-25111.922864365853,-26230.934205975365
-12138.045710664903,-13251.302761752144,-10349.571750106079,-11130.26291282847
-54985.64247139201,-53700.17498299962,-40535.519356912824,-40071.675488937835
-1554.2123606171713,-1790.428499977763,-1450.7430751375975,-1648.6435983268357
-103.05236564480032,-192.67843604790622,-95.51916351905008,-190.32282286500765
-16233.663991836806,-16658.21674422977,-20664.8715899352,-21451.422179230634
-17483.870053749906,-17289.28161534774,-22383.067096519102,-22072.883047868345
-28311.45154003602,-28438.963271568038,-39513.038131000016,-39677.83856496621
-76831.74097423351,-78973.5676533627,-54533.55868146588,-55760.59274199032
-11381.669494095117,-12339.833772115717,-9776.669856212988,-10428.261697139302
-6081.08916893385,-6224.764917744505,-5349.416553790033,-5471.537989720484
-5717.050423156336,-4563.686537441083,-5074.180613687563,-4164.443426335122
-6380.258419930831,-6947.361510514657,-7261.89641947443,-8015.873147899046
-18162.447463149827,-18472.702799044306,-23300.438241956457,-23690.39494242486
-2679.1655713187606,-3063.1004040444036,-2918.8849611454802,-3412.939862554043
-29851.26518474902,-30470.07272944401,-23640.472372662036,-24235.586054836363
-3220.2136196339584,-2760.689194713188,-2992.5777222958936,-2604.636011865704
-893.6107979116118,-1271.7330535251353,-921.8486892705918,-1347.6744685419553
-11388.050711544844,-12695.101276610267,-9608.437056613486,-10539.614520270568
-8340.39594222609,-8859.765287890994,-7308.275677858412,-7743.758176358656
-216.50207861891533,-271.2602009053773,-191.5933534828056,-248.62425792976077
-4560.389233038244,-4434.629788675863,-4103.8631562858345,-3983.197000166319
-2094.8814087105106,-2616.17441391655,-1946.2062762639803,-2367.0139089567883
-109.55531464195289,-209.7387685945792,-111.62401639318507,-211.14274338838246
-283.1706295143015,-244.31773751643067,-286.2225482038755,-249.89629639313833
-293.39908692792386,-373.287382174866,-310.8865410697613,-391.3088259069255
-4020.0698557049395,-3966.492108931689,-3652.3025167593705,-3620.0623501730806
-1995.1817418521132,-1840.749960542416,-1835.1910808035889,-1703.1782953592826
-19188.35319966711,-20043.65423232979,-24938.545890491052,-26501.15102419413
-5213.360862595632,-5986.584427433043,-4648.224180278322,-5276.900281359747
-10485.628588316044,-10071.363473310961,-12656.411067350917,-12120.846817185871
-6288.36331102156,-7440.4083622687995,-5511.211393895453,-6372.591199992895
-12856.858585782895,-13146.861415445468,-15827.076489949435,-16161.955721725446
-3436.724547452615,-3996.2435193893425,-3775.982254787598,-4523.624067572249
-7828.3522576505275,-7784.0884223750145,-9089.590433828773,-9068.961658252001
-12640.505039018104,-11590.929600639203,-15531.463555567023,-13852.77790185103
-77347.40014039556,-84139.61912423164,-54924.114886350886,-57957.99411010465
-22747.89167265855,-25008.220907484905,-18410.540129939403,-19874.592255182622
-2055.473704060281,-2727.645961331635,-1867.1276714045491,-2423.9863687049465
-1223.8323835452081,-1287.1073594383477,-1268.9447264462397,-1345.117805839568
-4123.532637471186,-4284.660291599144,-4597.08497596056,-4785.566055290545
-3633.626537007955,-3607.7869615788554,-4007.158708265329,-4006.7581174518427
-279.56147894634336,-665.1544151257851,-303.32554520385605,-723.1102275567858
-11746.219837920413,-11371.941078533111,-9940.397308109474,-9693.30897948462
-5598.10923817303,-5314.71862074698,-6365.63889198909,-6025.585588198306
-28723.58677351758,-28574.841002504996,-39688.01471818838,-39664.49235894452
-18936.347112928906,-18617.801727830647,-15792.820936959528,-15513.590453872861
-1310.1667459384628,-1717.1026802068754,-1392.9226297553955,-1857.8341121836845
-94969.17320340156,-94472.30834946995,-65911.55608861288,-65757.03800365455
-35946.95104744409,-32458.834429998013,-28018.698157225426,-25958.746630021014
-401.86252441009714,-546.1778226921872,-419.988151909695,-579.0322793904687
-6439.183122747631,-6933.211790981072,-5756.958337901952,-6126.530736806184
-34757.4964632077,-36770.63139242825,-26930.327846396398,-28004.671940450822
-219.15586033201956,-342.16184419458085,-234.5401849557527,-354.17595191662207
-296.28165829807756,-355.90195935904603,-262.16094151745574,-321.0423002014469
-5575.1026077608785,-5711.2341971319875,-5115.447400051974,-5246.946833494051
-17662.856464652137,-17834.415933714543,-14751.569573571562,-14893.245912080187
-9707.685273291818,-10289.664089965416,-8425.797230123075,-8825.110998629085
-1972.764740353448,-2333.255730203916,-1851.1576740373575,-2160.220933931288
-16999.236072396176,-18241.397260533082,-14199.597218672718,-14961.016904946746
-256.7602851261684,-255.2780151973717,-241.11246623370832,-243.37322338897928
-18040.90496523262,-17724.759649687385,-23416.69067309415,-22981.823268773496
-4476.93634802116,-4731.310260659212,-4008.3372460681762,-4193.035889021475
-136105.43033633172,-143979.14479245202,-89279.95671398134,-92523.36945892664
-6189.459008427345,-6423.54342394908,-5406.662222623559,-5546.486309416757
-5782.723854858011,-6421.624335445421,-6534.8763035519505,-7379.1900113160245
-184.47051488851406,-382.35814213056807,-171.66524713310923,-371.9600408929763
-19614.08484923361,-19874.933920874664,-25651.534385678377,-25874.111732616122
-9833.060277995895,-9131.858151290695,-8533.525011002432,-8004.789374222445
-16157.853753524107,-15537.232693159687,-20706.148358621802,-19771.684524073098
-24788.146878661086,-24069.935508249047,-33940.13107952785,-32649.00579959434
-2398.997198445668,-2599.857864999902,-2199.252026574879,-2381.6742783344735
-9214.367781563744,-9626.197690903864,-8097.532136918812,-8355.744104462761
-78858.74538444857,-80211.87714763732,-55772.23043774922,-56421.385098750245
-1399.2008023309008,-1427.6276848022253,-1483.3601091564049,-1513.4770435175528
-30101.256236142108,-26966.926219677352,-23722.228269081133,-21722.69688425498
-15892.718818685824,-16324.702455600129,-20149.58646545252,-20819.79802636755
-416.24555580477585,-532.227948672325,-411.30273720501754,-527.2768444134362
-18642.22813789219,-19321.835272690943,-15578.561964041246,-16110.135349931525
-1380.1734120523236,-1253.2163819241887,-1463.4070425477662,-1314.471172861592
-59667.2668222005,-62395.525524183606,-43802.452731495236,-45277.955587072174
-30794.033312907315,-31121.91494942073,-24733.486136021384,-24962.36790928953
-845.964244654873,-1237.139637589433,-908.12045721028,-1353.5792091606027
-117949.30745695962,-117405.30920038153,-78519.54068160367,-78020.21903385177
-25882.45154300254,-27206.359670635225,-35317.00149412414,-38066.96950042012
-13003.56669243974,-13098.249978438424,-16037.813357217527,-16288.028682565815
-154.3742689923528,-329.87971578057653,-157.83058869532576,-344.6286557711278
-2578.694065610286,-2816.450516981931,-2374.7272522712797,-2563.8960056825085
-20799.775136366952,-19701.3302126261,-27450.81751374249,-25356.361872040896
-7870.751082424573,-7300.075347263183,-9121.38737962765,-8322.399198841145
-8206.988751659974,-8485.664456052315,-9643.179237918072,-10024.074776721485
-20798.25768907549,-20922.153695198896,-27392.57787338166,-27547.49662681572
-11915.750201582634,-12775.310209338944,-14563.416747852327,-15859.317417086224
-268.62823976145984,-605.4096835166752,-255.24268886857584,-569.8219163706644
-58105.16470447762,-57909.59568873599,-43028.44598935517,-42810.59051873502
-135950.80541406779,-136045.24772891347,-88215.11709097205,-88267.53559776425
-2571.641470623675,-3101.4649730022893,-2768.7569510426188,-3408.7015799523524
-3094.456319484073,-2692.062099377267,-2810.4178790692827,-2473.6252110375844
-64628.79055513756,-64434.414252594244,-47013.02987431523,-46850.3984084416
-1385.5974942205812,-1242.9357705881532,-1478.287379649948,-1317.1291361613278
-53467.94822880739,-51631.45906408622,-39644.53804018787,-38581.21923143992
-104.40878763565782,-288.34025961594887,-114.48110574225721,-309.42116056443524
-6746.749295631622,-5783.858233384283,-7786.0003944266855,-6492.464561977272
-23577.51114404268,-22983.5256358555,-19049.587666302963,-18539.81466715846
-14094.728398083202,-13988.251452769588,-11816.67574452076,-11735.302224683468
-679.2006633816719,-659.971699023785,-717.068374426876,-698.3860172232127
-620.2248837747301,-296.25313764711564,-597.1908297850459,-292.550564532298
-623.8361203987819,-680.2517160408377,-681.1758710288129,-744.6492828114413
-16385.115982290572,-17255.914208636554,-13806.01263017033,-14421.275399265756
-15273.721440375088,-14830.988506589021,-12879.563332364689,-12566.343177633735
-56077.45534037522,-57490.45988033888,-41351.912708685,-41706.72244565176
-86.38947772408716,-140.2687310219102,-82.41755624663844,-140.5834800048344
-3948.7466494061637,-3928.6124495138138,-4424.557471722932,-4418.42665412777
-13409.596587329908,-12360.178462884256,-16613.111799694867,-14910.32228595055
-1865.4139791010482,-2253.479403116565,-1736.558869416937,-2071.308178813632
-6212.93222813932,-6583.518124083137,-7067.588820608708,-7550.4347427818375
-10396.219926717564,-11125.327579228633,-12296.437844593636,-13365.789781835376
-200.1840492043567,-259.2256031318139,-216.41512478633956,-282.08216633080224
-3011.179809583207,-3347.4609047340746,-3279.366831752732,-3713.993505062499
-40919.00289871609,-41889.73046638966,-31552.39522287428,-32251.87044487963
-2700.4883058811874,-3432.463350655039,-2981.7273206503505,-3873.852297248968
-12226.016528654374,-11651.403334808141,-14916.228655888617,-14126.711140611418
-4163.614611942101,-4565.732994291824,-3825.6276283677744,-4145.997349689816
-41869.62831405852,-42386.43115126023,-64969.369618131066,-65678.58981031532
-26350.32856316455,-27636.3855389182,-21011.728045270513,-21875.694022125732
-5386.660742824037,-4964.090042683239,-4803.875682446525,-4452.437151332724
-45638.81932816118,-42464.4401883476,-34647.12782170202,-32908.65530999162
-24.882877023053545,-187.11191876137423,-33.2645028367286,-187.27724747840486
-16393.929276270053,-17445.860606124235,-20576.750429373307,-22226.820006567676
-11017.135781143083,-11926.618503583724,-9336.463136518898,-9974.918516514374
-13024.79402386001,-13577.495340067397,-15983.22637981043,-16736.637845320314
-36822.01432766648,-38240.705501573226,-28403.04239572654,-29189.574536330718
-75383.08431925895,-76451.68892725933,-53533.30625907219,-54069.78165302255
-1408.584949903761,-1305.4692132936955,-1293.6037765687413,-1203.0853452448036
-88334.73436158603,-93923.71407694396,-62239.80083031272,-64815.05449043816
-938.6383185458873,-1098.4035827913865,-814.9045291814658,-943.4258043580369
-20372.752507062578,-20962.051581921707,-26864.285680865898,-28122.791761922825
-76.10771603441007,-147.56914886531368,-73.6208044683265,-143.4130269638323
-732.9799977432278,-921.4492865291711,-698.0641963561611,-874.5694461804142
-54143.57710959951,-53768.14082658659,-40301.72689650354,-39706.225556982296
-2737.6461073869564,-2662.643573406441,-2515.3010659165507,-2451.268829622906
-11187.241838294787,-9376.491298069886,-9584.366257066657,-8283.53039541037
-687.1842136940893,-593.1006636443184,-720.6877149737821,-619.7243597605292
-11951.247576245296,-12968.755804876964,-10179.452855949481,-10928.15745485234
-10564.706305384678,-10321.919439499245,-8998.852048669787,-8779.919168763083
-13027.2957267086,-13030.698774399501,-10929.56967494704,-10889.534360584023
-15336.969829823502,-16159.640573619195,-19367.957975973757,-20760.825525829696
-2327.363761782777,-2151.36332047028,-2511.3550545516223,-2319.813063922192
-68.6949566065675,-172.72443486340066,-71.02886944771494,-172.69835986106077
-6543.413079652936,-7280.5594229911,-5815.946304043687,-6292.362937285734
-1590.0849245419133,-1765.5776526091304,-1652.884192501481,-1858.4306121223628
-1003.4672551527922,-1001.1021700273637,-962.513100239111,-957.5636820895311
-21383.307742017347,-22698.61117302497,-28077.73786395241,-30372.95692976429
-24085.996462426363,-24384.615044679234,-32576.65311580442,-32994.29643286703
-29441.025229463794,-29802.8673267602,-41132.46113113833,-41955.727292767675
-34320.97581939777,-33819.56743172826,-50143.48397272939,-49103.26439837589
-1742.4519357546997,-2131.204748179818,-1849.0073547940142,-2304.4886111993746
-2039.0396957670914,-2296.7050137456367,-2195.8045476368643,-2503.618728581166
-2059.798970023896,-2232.7990944779503,-2208.9212864075535,-2423.9855989065645
-2587.189735437847,-2599.906724174948,-2790.5675852509144,-2819.0152276615117
-46.87561606939922,-86.25114634256938,-46.754770396847945,-86.59628035095596
-50560.29401586182,-55384.750722611614,-37855.22205094987,-40372.52532067699
-32408.94172683933,-32198.6693883731,-47138.35768536078,-46741.43896364326
-12938.499822960612,-13756.635033294815,-11183.293091013828,-11728.07015116869
-3178.113508013599,-3593.3151953837,-2950.1367459908506,-3287.0771223603915
-109350.2662729543,-113120.84086607378,-73347.36257164716,-74435.39572446895
-24403.743185764826,-24161.410405964736,-19833.55498503884,-19691.612027419025
-1434.2413751277977,-1748.7444885279958,-1555.7441326145258,-1924.4021363076358
-6319.217173267324,-6028.868204732013,-7265.889407717909,-6874.783185397716
-15658.545332131816,-15089.884857606296,-13245.38521777911,-12771.513382642284
-8508.302823593567,-8488.269940013684,-10070.800959521264,-10115.092246504248
-35754.85854256573,-34689.92213785612,-27749.984240483253,-27034.050668477426
-1164.980085962836,-1123.895850046972,-1132.792836386361,-1096.1934915034901
-3074.5317787048584,-3140.534388631132,-3365.3908432818534,-3425.1385888292602
-19550.9617246656,-19421.96876929076,-25702.43657227866,-25481.066091878492
-19953.106454177756,-20635.04224844458,-26112.60434104354,-27376.379984803953
-85659.69582302737,-86603.18446580102,-59606.38084479888,-60066.9717252075
-8265.584339932624,-8081.862163921342,-7263.14064125609,-7148.272916103662
-5719.49041176582,-6698.152908186295,-6448.567048076113,-7696.247066676413
-8368.4026019825,-8688.638291678417,-9879.10173777726,-10367.881483939744
-39371.91463009642,-39490.02588455423,-60509.41820592608,-61155.12099751937
-2516.7254205639592,-2291.5680347130096,-2816.0569689974436,-2542.61476481247
-71704.73946719097,-69294.12966857023,-51969.91641316699,-50613.192661767316
-1410.1038143525532,-1316.1831941272962,-1487.811884705092,-1384.5054171366146
-89.82910445387095,-132.44890546126285,-82.25436475869459,-125.0604138118678
-18191.964958676344,-19538.014005885674,-15059.983257993794,-15981.107221511418
-3452.5181150553913,-3790.0856601770015,-3794.823427062551,-4227.758934895177
-558.9675444989605,-593.2906538672354,-539.5991523151554,-565.189688425795
-25316.998771045466,-25360.65375776837,-34765.96982273264,-34656.855939406596
-343.1031815346131,-616.0797021482442,-323.58192367173496,-608.1165091917961
-4771.138176514029,-4824.760723002891,-5358.321466568481,-5406.43476420883
-21057.989386989724,-21130.682301534725,-27535.507324427832,-27855.0014863878
-9387.131773938623,-9893.430852729743,-11169.45485753299,-12001.742572990723
-3108.949457511273,-3274.6763884006855,-3408.1560314431013,-3605.6009303001674
-5239.684902531557,-5573.264372198946,-5929.852540518262,-6352.334735047392
-104.778895748706,-262.32668529710463,-105.58268019398618,-275.43299200886963
-21940.079816190253,-21709.305584784142,-29000.10857724289,-28662.08354552841
-206.9784413283499,-259.753652079688,-180.93698251788425,-240.41994165992793
-805.595354682521,-638.1958487455012,-821.1406177310835,-662.5418670270002
-13041.35103013956,-12868.5535827241,-16252.453700737124,-15847.662160072206
-18342.784813876526,-20312.9428381123,-15267.585827679875,-16596.112215449964
-17656.24791865496,-18126.11257827996,-22708.91860253415,-23539.371054267533
-1065.8585921223284,-1436.8782337565865,-994.361429156094,-1308.09084433313
-4536.1846283777095,-4245.17989923513,-4114.986011966074,-3841.502256747364
-13231.062566335971,-12658.183314860382,-11051.008994044636,-10658.387591415998
-54070.26850573478,-52179.928952477996,-40579.5951578795,-39324.64387259476
-2724.6914299046166,-2850.650025917619,-2502.1739977185275,-2600.1035040825736
-37478.67212064552,-36743.58919219273,-28585.66392333884,-28091.11696378573
-32590.47079532022,-33208.85179627838,-47180.044479982855,-48457.22421174218
-18547.017295781625,-19030.584066924515,-23791.674742200306,-24502.754584921193
-13136.777177676318,-13857.156778046388,-11099.403441857454,-11599.601013854368
-15593.38068937415,-15617.617380123178,-19759.522427616437,-19573.034711652064
-225.16196309946184,-297.0498657130862,-222.16574998854173,-290.7476027384528
-4130.235955094305,-4082.2825122887507,-4652.246627105802,-4583.15947375213
-926.84359024065,-964.4878216332136,-971.6721322182185,-1014.3330199896108
-72260.4572524439,-67090.51647348917,-51400.40673266602,-48581.47657110732
-20049.724118966547,-19994.371777264438,-26375.490178729768,-26367.571304795736
-8295.857315177102,-7966.140708562095,-9789.361713635188,-9313.616518047455
-179.6125493775147,-273.4189104946506,-229.63162652154335,-316.456304366372
-2865.3197173538288,-3349.057946462724,-3141.7219685987857,-3748.4432592356716
-6078.0773407343395,-6296.322973501532,-6947.867370565372,-7264.913452176835
-17960.3855510207,-18122.021994478804,-22835.319615623568,-23306.822424006186
-184.43960227670215,-217.87093927770786,-170.85325685846573,-204.6375360771784
-270.42042000583825,-381.75325577830904,-281.77698135313636,-400.1148591319421
-18889.875132210076,-18726.67814496914,-24585.224377418872,-24350.083017872137
-2888.1206552971425,-2787.9923967821132,-3146.3247133253244,-3039.2236786615904
-17993.87652867312,-16930.142509317266,-15017.40152183683,-14389.105238631475
-9199.48274329474,-9615.746168830929,-7967.128562762787,-8297.888068802546
-21043.503069538896,-21079.94835511134,-27512.9906811885,-27600.24437232428
-158.42759172605477,-267.16196321867824,-125.96594871324328,-233.0476890894282
-4200.1632702637935,-4240.788190782142,-3791.2543457932693,-3832.0358344245383
-48096.93186000129,-52467.89629830094,-36331.53287419931,-38463.082365288836
-628.0231073055578,-843.8728243296896,-647.9910643380408,-885.2020562506477
-4812.274832974644,-5531.498346520866,-5416.420053058396,-6336.480754579196
-17015.745294659057,-16637.899840962084,-21370.448073653566,-20764.827401961364
-9731.19626114115,-10021.54761470111,-11516.125157519158,-11878.41556087759
-19369.90592161363,-19758.990043289465,-25458.69379231074,-26212.709271650474
-1521.077886330663,-1443.342995301874,-1675.4746465095031,-1586.388948801858
-89267.24652797605,-89795.43266140105,-62115.15958154443,-62694.37355677982
-75.50496565487167,-235.9184459611599,-69.69288071385756,-222.0078103926022
-26438.470191214492,-25899.70600140749,-36661.83597927639,-35870.38663714329
-19115.034453811277,-18460.671920186833,-24907.133971117175,-23767.01528761608
-3121.385309320249,-2964.677531429836,-3427.317495990577,-3256.1008799636124
-29871.57509768845,-28869.41243357825,-42410.497985347974,-40442.98633039222
-2973.5573000310887,-2968.173997242284,-2674.6067124945607,-2667.249779080917
-203.68682326406113,-439.83008235821814,-176.6393807509111,-390.89883496908385
-3574.4870172490396,-4083.161531438436,-3247.65897080181,-3661.2580005685954
-3052.135898080306,-2958.561104286072,-2807.5259425718577,-2711.5987096234676
-44717.911735328446,-42972.91680296459,-33953.0587531217,-32964.52822716575
-1693.1725878902882,-1911.8318720944042,-1785.08975009333,-2044.2508098109502
-50508.838786369626,-51444.74346666054,-37525.76667573486,-37914.56665550624
-1010.0477178605219,-1026.8063232553757,-1069.9888703308434,-1097.8020488202674
-1223.9225982492699,-1238.65193019396,-1300.1410640296963,-1323.058372820261
-1400.107470317937,-1353.4072483113669,-1472.9602279041635,-1407.0132123717503
-23661.220560670485,-23619.8073835635,-31960.178927901496,-32081.88414712968
-1782.6710636784278,-1814.901321655395,-1894.1431734403186,-1933.2406973816485
-65129.75777936583,-64443.513025063374,-47110.536846791896,-47002.43800183408
-15352.49930186414,-15389.246510108338,-19480.700449658965,-19373.397836387037
-21033.240912887708,-21397.746133522072,-27766.210199549274,-28766.403780869066
-2099.2861747383868,-2398.0454359409837,-2346.6640369913493,-2710.5383463884314
-1059.8428473797367,-735.6996616907525,-984.999856383636,-687.5370553944473
-11914.425678073934,-12563.760266543817,-14658.12931537479,-15563.721759041011
-38603.85109103228,-37941.75854780921,-58267.95917167844,-56625.13293983712
-10741.172500552455,-11049.437196327142,-9169.602421222853,-9338.428734364285
-1863.8015142197091,-1940.0627777132438,-2013.277461976105,-2121.911451668435
-27412.779222839614,-27795.16272394963,-37968.60695518834,-38710.67446164258
-912.5020252711488,-1258.0789944177645,-857.753220988493,-1154.1862871154196
-1296.325532327358,-1230.9902824262358,-1193.974595505052,-1126.4548194231047
-37501.202759856424,-37249.84698533505,-28895.45108303937,-28453.76613733435
-1478.0499704218,-1538.4116158808906,-1552.9946420343363,-1617.1308705675133
-23552.905243275218,-24294.09784792748,-18826.219706136984,-18883.252643231004
-4224.516050074805,-3623.458771595028,-4665.8336758005,-3943.533558502724
-10187.113145900168,-10254.80327940689,-12192.466081187882,-12263.470281719541
-2343.301890328079,-2629.7709506791907,-2129.9640144323967,-2352.0634110036076
-610.5408765351025,-753.5378260134944,-630.1872535552258,-796.6591049861132
-34475.200783022694,-33034.37582678601,-26749.72945288393,-26010.9408373089
-22445.342450529544,-22537.77381087631,-30059.22785684716,-30391.043777102677
-14653.644253830493,-14980.746748024883,-18193.086351057776,-18805.9789441841
-5518.656813672771,-5209.421056985073,-6333.425428901925,-5940.310194766963
-16525.938391729276,-17418.177598252172,-20858.305052217638,-22426.973232325094
-1823.7064118120368,-2088.0461347996343,-1671.7452404195762,-1890.190209586635
-1126.8350683310857,-1334.9240890331344,-1165.9747410252048,-1394.329741901958
-31120.373549670643,-32572.50655467646,-24703.853734826567,-25630.133259585193
-4579.579512267241,-4166.432913775319,-5127.023233288688,-4571.089524565008
-7167.851509638257,-6609.275368340796,-6316.682967701713,-5932.666280760342
-46.925245037939064,-162.40444134849906,-45.32697226242033,-160.91483530290728
-5420.220157967293,-6055.872171927324,-4751.663415914548,-5164.712589401848
-23631.17444014622,-22837.553095823885,-32058.79282995631,-30526.036694144896
-14985.786540100476,-15680.116313101304,-12579.405169944914,-13104.216359463075
-4181.096523887666,-4515.805169505623,-3783.596100810266,-4069.366494872983
-15433.989065225709,-16288.620100847731,-19288.216391836962,-20635.563552444317
-38563.10702384166,-37013.41990543418,-29512.387378122563,-28652.66500817455
-1131.7007540833613,-1405.4395691651189,-1192.1122856812872,-1505.6112898940873
-2285.692936479173,-2196.9781343428444,-2570.1990064802476,-2465.531114406161
-24975.150215111196,-26282.894241720544,-19895.73841138804,-20634.186234063738
-4644.258428828775,-4377.893539973765,-5210.3192794744255,-4870.701043473736
-869.7728132525265,-894.3877334638953,-911.4692680338081,-944.2667315785313
-1258.7657940671613,-1248.9467269520883,-1329.6401136759102,-1316.0677717454253
-14905.319075496329,-15059.625005100897,-18729.595886576008,-18756.29448671789
-817.5769484558878,-837.7247734195921,-844.7658825827205,-874.0363900872053
-12516.179568513895,-12372.14586079608,-10738.55884265391,-10631.825596782797
-9076.191189901874,-9339.400310376861,-10736.269668724062,-11078.521590899034
-7538.620161665928,-8258.354435236513,-8756.176948958264,-9791.19924940938
-626.4691931149332,-991.126075856961,-608.2509451556632,-930.3313517463695
-13520.173892424775,-13797.133076867387,-11514.98928279957,-11687.399280738946
-108.21467611884329,-327.415455257491,-90.348567312587,-293.2352317869007
-182.62524320193072,-371.5556512336065,-206.77131629812305,-385.8473730166707
-448.69997558250384,-711.8457804064087,-470.6545191827793,-749.6274381778546
-11588.237535059168,-11275.706779723076,-14081.709737927878,-13595.666694550664
-2808.7364576002205,-2375.8871982759706,-3077.7250335455806,-2553.838731990171
-143.8929156128592,-327.3606601472499,-126.76801309454504,-292.52614102652564
-434.49985294953905,-430.7986794104068,-412.8020017207344,-408.39004495097436
-481.16987724126784,-586.0871398463071,-478.0057579550126,-592.0332810500006
-29589.613345587502,-29782.33876973443,-41767.844501172076,-42348.91815653389
-10644.45938753098,-10344.391202103505,-12739.273953301104,-12149.331967251597
-45329.520638793154,-42063.164690069694,-34637.255270192436,-32621.95530197967
-587.0066549304483,-657.4975255023477,-581.5585725482861,-646.9057468360644
-9002.195319613586,-8401.652705374672,-10697.701056362223,-9806.17136690642
-756.7995685220537,-548.8915594868542,-727.0820995856851,-536.2516871250539
-502.7102765500013,-523.3871813570597,-461.3140891508113,-476.66811551405186
-1022.453539266671,-932.7305174604309,-957.7938806825206,-878.6750075592361
-72.42052792469646,-265.28443916027845,-74.78946534922443,-252.12856289870157
-328.1860296939429,-351.4667439561605,-336.4146225703344,-361.8630981418153
-65.02696665824026,-195.51537254187696,-65.6788412461089,-197.22955593077822
-3316.3212852998504,-3255.117733675538,-3015.1549190908636,-2965.399992093322
-9152.603485268628,-8224.641634003154,-10911.369202661812,-9567.558547165534
-5808.91431254575,-6000.970083204143,-6634.077945288176,-6962.466847862515
-9445.057645048553,-9988.743306326336,-8287.154708749113,-8707.589339692628
-671.9726617493914,-713.7250932606188,-638.5903459046745,-674.8624778782677
-82.34592794970183,-94.31441392976386,-79.08887123567715,-90.16703678556348
-5525.701242368589,-5877.881331453978,-4928.990491113716,-5210.0390126657485
-10513.493435427874,-11085.553074294303,-9019.38479162248,-9417.491604972143
-9625.20642796355,-9204.569856844693,-11391.281377725898,-10712.511851984906
-3152.5277371027078,-3248.488026854697,-2948.5477988723596,-3042.0074838591695
-2452.1398288102864,-2506.8247294420325,-2256.4816737085084,-2295.0478905284212
-16754.948693538918,-17630.57013923759,-14287.11434857831,-14982.107585503363
-1881.765431093441,-2014.1949452903518,-2020.749843124095,-2188.0646774280217
-12268.938333454234,-12510.64452950108,-15023.611853967339,-15529.838422941337
-8121.326234589576,-8636.056377966726,-9509.942973088533,-10273.41839885035
-19963.79692029454,-20612.51932884316,-26306.11962427097,-27199.047138741626
-3531.602173674165,-3457.4148079259894,-3885.0599529583733,-3781.83537044599
-3744.6689904786185,-4611.764026676029,-3374.2070022199696,-4042.678854406434
-73.57503723437287,-170.27675314673593,-91.1283085911724,-184.77604267208756
-5395.9692724739825,-5472.929019011211,-4796.197476126863,-4858.373675403541
-232.29447400320876,-470.9575576135076,-240.99880122191473,-497.3012104860221
-6450.56752091757,-6755.110596145837,-7411.415513333644,-7817.008363604426
-60.613475482439405,-129.787755629029,-52.86596910042728,-118.34280009648998
-894.3790005140492,-873.2013348420081,-964.8159640816654,-949.6038727320399
-1782.4117318014432,-1667.6995671909428,-1921.6957631971225,-1790.2587410946617
-18396.258722610757,-19983.560177663243,-15354.951283273067,-16376.981265131019
-1152.6506265862206,-1551.9474633580774,-1219.507836804405,-1684.1333712622159
-16137.19714962396,-16289.816987413964,-20707.53696214015,-20985.08266981932
-53222.90748953021,-53670.38139274322,-39578.53495013318,-40012.37601254536
-40421.379139139426,-39210.53417536625,-62041.11859103619,-59144.4913195375
-69203.92444998195,-72792.14236401042,-49663.58760602653,-51544.74977841487
-8901.066054217918,-8593.56804319085,-10373.61548569247,-9978.358392868846
-10774.538312389925,-10688.019725125925,-13020.342049037283,-13015.870105851425
-20888.995843368757,-20427.5312495485,-27647.812045283932,-26702.055232773066
-1162.3439270851263,-1205.427624112883,-1114.102344107694,-1156.4991351151507
-21590.468059864754,-22208.000263283888,-17525.42028746628,-17866.23670231925
-506.41889564871633,-578.0810073726673,-520.6090355143366,-591.2700978523552
-1083.1639511291442,-1262.1821629786186,-1002.3040156144485,-1161.761844720244
-64531.989521479336,-63418.558878913194,-47124.92139906379,-46229.84675827269
-25261.48167637686,-24063.209474503743,-20180.298650407938,-19410.496761146926
-33437.80065140886,-33591.88159224433,-48703.63400259238,-49320.32402514161
-10817.676849031244,-11651.229010705836,-9274.270254357483,-9790.565953124133
-4649.154990653634,-4617.646551691206,-4251.569564679186,-4202.132087007135
-30091.399164826267,-30061.095570943173,-42672.206539954444,-42561.47303271822
-1285.6866427683744,-1249.5905617629587,-1350.1063577811076,-1319.1068837091107
-49031.64925475565,-44186.149723645256,-36768.405012713185,-34356.17617931818
-9160.285967043732,-9117.647111853563,-7963.877533192963,-7932.469956003558
-2304.9839850904195,-2052.192190753139,-2514.994313575582,-2219.7420495281385
-1281.017313993294,-1416.4872943863327,-1218.6275319524107,-1333.6453998193101
-4977.326148561608,-4993.697432757376,-4419.297932233136,-4414.782503719527
-42331.08793991632,-39719.13256066312,-32619.51849200087,-30963.367834023782
-6734.1848158853545,-6184.942577369078,-5854.073869767436,-5378.987081217351
-10856.170679142453,-11420.662235617086,-13113.69115758483,-14080.330816443795
-11818.424261854938,-11808.66863420846,-14385.57898993663,-14455.42758074121
-27196.84601201944,-28083.902956025813,-37422.24096773429,-38943.734427431766
-18433.690822772347,-18697.95644767682,-23658.53463272434,-24075.547938421892
-12495.513965649698,-12917.375092274806,-10583.24658944161,-10771.826749192163
-27475.076648506652,-26956.951742638375,-22158.574494999666,-21698.38286286872
-14648.263170110677,-14506.10046438584,-18129.983425352915,-17939.267859682226
-4518.476073696398,-4559.37524001463,-4080.552468940771,-4094.4235454535724
-382.16370361529783,-420.00882496652247,-367.58275134981005,-408.39934444963404
-940.4721179662429,-974.7208562474623,-973.8939053578864,-1030.7868601685886
-763.7974808059905,-796.6266167341754,-834.0420031860909,-874.3989697497533
-4956.993823547048,-5442.088235171443,-4467.852714298757,-4842.3011214718235
-500.8463009912698,-363.8023195580782,-441.7414826185347,-322.00532697109605
-13235.924638388648,-13612.553950754398,-16123.873181983678,-16696.162652333016
-1330.9625490289693,-1268.5479537186818,-1376.3668948818474,-1299.801508527983
-5394.941520593104,-5162.241840490977,-6135.219684260674,-5844.232209644283
-6115.665399210997,-6203.490515067575,-5336.76537778577,-5437.389484956511
-20137.607683853443,-19743.48704719092,-26345.743251621167,-25639.305946826833
-2019.9929992758741,-1989.1261045541391,-2223.3730422843737,-2190.9917987442586
-822.6892529273003,-922.5261856686203,-855.3173274176793,-967.7756497144576
-2779.637336207999,-2242.3993425216977,-2990.2702172701047,-2367.2414990109414
-19867.738923307283,-20491.07692046874,-25660.197852502104,-26902.157954778482
-84199.57050420983,-86598.25387897002,-58850.867928958905,-59469.49230924054
-47604.52383685129,-45319.60707106191,-36067.50564952739,-35043.619652722686
-55.80089044195457,-139.28742567860183,-60.58423973892479,-149.7780713305163
-27890.319347862795,-27241.230698609572,-38962.3063785318,-37655.82536888439
-6715.0538784657,-7240.096856590536,-7727.121900540611,-8509.363102181305
-871.1093724203745,-1009.6129973693121,-926.2888746668079,-1083.9932904419634
-13964.325351337293,-14230.135655361035,-17243.1274255974,-17696.110971339353
-128617.55734181844,-134138.57066204984,-84675.17059608645,-86875.69061796599
-51342.078841612376,-52966.53310133007,-38419.722166668435,-39517.70644544942
-26589.737901618668,-26528.76221723379,-36447.005650210616,-36619.076237359994
-1636.6806362542916,-1600.6349040487146,-1538.0815583968924,-1494.1987423659684
-7072.457404836069,-7274.881532288909,-8191.073524417233,-8458.609228516569
-1191.9917942152008,-1155.7624638245848,-1118.376115782848,-1078.7603358837146
-658.7248745998627,-690.3284365593357,-700.1050620386337,-735.9399021648285
